{
    "parent": "item/generated",
    "textures": {
        "layer0": "item/paper"
    },
	"overrides": [
        { "predicate": { "custom_model_data": 1 }, "model": "data:gui/blank_slots/single" },

		{ "predicate": { "custom_model_data": 1001 }, "model": "gielinor:gui/overlays/equipment/helmet" },
		{ "predicate": { "custom_model_data": 1002 }, "model": "gielinor:gui/overlays/equipment/cloak" },
		{ "predicate": { "custom_model_data": 1003 }, "model": "gielinor:gui/overlays/equipment/amulet" },
		{ "predicate": { "custom_model_data": 1004 }, "model": "gielinor:gui/overlays/equipment/ammo" },
		{ "predicate": { "custom_model_data": 1005 }, "model": "gielinor:gui/overlays/equipment/mainhand" },
		{ "predicate": { "custom_model_data": 1006 }, "model": "gielinor:gui/overlays/equipment/chest" },
		{ "predicate": { "custom_model_data": 1007 }, "model": "gielinor:gui/overlays/equipment/offhand" },
		{ "predicate": { "custom_model_data": 1008 }, "model": "gielinor:gui/overlays/equipment/legs" },
		{ "predicate": { "custom_model_data": 1009 }, "model": "gielinor:gui/overlays/equipment/gloves" },
		{ "predicate": { "custom_model_data": 1010 }, "model": "gielinor:gui/overlays/equipment/boots" },
        { "predicate": { "custom_model_data": 1011 }, "model": "gielinor:gui/overlays/equipment/ring" },

        { "predicate": { "custom_model_data": 1021 }, "model": "gielinor:gui/overlays/buttons/achievements" },
        { "predicate": { "custom_model_data": 1022 }, "model": "gielinor:gui/overlays/buttons/armor" },
        { "predicate": { "custom_model_data": 1023 }, "model": "gielinor:gui/overlays/buttons/clan" },
        { "predicate": { "custom_model_data": 1024 }, "model": "gielinor:gui/overlays/buttons/combat" },
        { "predicate": { "custom_model_data": 1025 }, "model": "gielinor:gui/overlays/buttons/death_inventory" },
        { "predicate": { "custom_model_data": 1026 }, "model": "gielinor:gui/overlays/buttons/deposit_all" },
        { "predicate": { "custom_model_data": 1027 }, "model": "gielinor:gui/overlays/buttons/deposit_all_used" },
        { "predicate": { "custom_model_data": 1028 }, "model": "gielinor:gui/overlays/buttons/deposit_armor" },
        { "predicate": { "custom_model_data": 1029 }, "model": "gielinor:gui/overlays/buttons/deposit_inventory" },
        { "predicate": { "custom_model_data": 1030 }, "model": "gielinor:gui/overlays/buttons/deposit_pouch" },
        { "predicate": { "custom_model_data": 1031 }, "model": "gielinor:gui/overlays/buttons/equipment" },
        { "predicate": { "custom_model_data": 1032 }, "model": "gielinor:gui/overlays/buttons/friends" },
        { "predicate": { "custom_model_data": 1033 }, "model": "gielinor:gui/overlays/buttons/home" },
        { "predicate": { "custom_model_data": 1034 }, "model": "gielinor:gui/overlays/buttons/ignore" },
        { "predicate": { "custom_model_data": 1035 }, "model": "gielinor:gui/overlays/buttons/inventory" },
        { "predicate": { "custom_model_data": 1036 }, "model": "gielinor:gui/overlays/buttons/kourend_favor" },
        { "predicate": { "custom_model_data": 1037 }, "model": "gielinor:gui/overlays/buttons/mail" },
        { "predicate": { "custom_model_data": 1038 }, "model": "gielinor:gui/overlays/buttons/minigames" },
        { "predicate": { "custom_model_data": 1039 }, "model": "gielinor:gui/overlays/buttons/money" },
        { "predicate": { "custom_model_data": 1040 }, "model": "gielinor:gui/overlays/buttons/prayer" },
        { "predicate": { "custom_model_data": 1041 }, "model": "gielinor:gui/overlays/buttons/quest" },
        { "predicate": { "custom_model_data": 1042 }, "model": "gielinor:gui/overlays/buttons/quit" },
        { "predicate": { "custom_model_data": 1043 }, "model": "gielinor:gui/overlays/buttons/settings" },
        { "predicate": { "custom_model_data": 1044 }, "model": "gielinor:gui/overlays/buttons/songs" },
        { "predicate": { "custom_model_data": 1045 }, "model": "gielinor:gui/overlays/buttons/spellbook_ancients" },
        { "predicate": { "custom_model_data": 1046 }, "model": "gielinor:gui/overlays/buttons/spellbook_arceuus" },
        { "predicate": { "custom_model_data": 1047 }, "model": "gielinor:gui/overlays/buttons/spellbook_default" },
        { "predicate": { "custom_model_data": 1048 }, "model": "gielinor:gui/overlays/buttons/spellbook_lunar" },
        { "predicate": { "custom_model_data": 1049 }, "model": "gielinor:gui/overlays/buttons/stats" },
        { "predicate": { "custom_model_data": 1050 }, "model": "gielinor:gui/overlays/buttons/summoning" },
        { "predicate": { "custom_model_data": 1051 }, "model": "gielinor:gui/overlays/buttons/withdraw_all" },
        { "predicate": { "custom_model_data": 1052 }, "model": "gielinor:gui/overlays/buttons/withdraw_all_used" },

        { "predicate": { "custom_model_data": 1061 }, "model": "gielinor:gui/overlays/settings/account" },
        { "predicate": { "custom_model_data": 1062 }, "model": "gielinor:gui/overlays/settings/ambient_sound" },
        { "predicate": { "custom_model_data": 1063 }, "model": "gielinor:gui/overlays/settings/ambient_sound_disabled" },
        { "predicate": { "custom_model_data": 1064 }, "model": "gielinor:gui/overlays/settings/chat" },
        { "predicate": { "custom_model_data": 1065 }, "model": "gielinor:gui/overlays/settings/controls" },
        { "predicate": { "custom_model_data": 1066 }, "model": "gielinor:gui/overlays/settings/death" },
        { "predicate": { "custom_model_data": 1067 }, "model": "gielinor:gui/overlays/settings/enlarge" },
        { "predicate": { "custom_model_data": 1068 }, "model": "gielinor:gui/overlays/settings/entity_click" },
        { "predicate": { "custom_model_data": 1069 }, "model": "gielinor:gui/overlays/settings/music" },
        { "predicate": { "custom_model_data": 1070 }, "model": "gielinor:gui/overlays/settings/music_disabled" },
        { "predicate": { "custom_model_data": 1071 }, "model": "gielinor:gui/overlays/settings/notifications" },
        { "predicate": { "custom_model_data": 1072 }, "model": "gielinor:gui/overlays/settings/screen" },
        { "predicate": { "custom_model_data": 1073 }, "model": "gielinor:gui/overlays/settings/sound" },
        { "predicate": { "custom_model_data": 1074 }, "model": "gielinor:gui/overlays/settings/sound_disabled" },
        { "predicate": { "custom_model_data": 1075 }, "model": "gielinor:gui/overlays/settings/special_chat" },

        { "predicate": { "custom_model_data": 1081 }, "model": "gielinor:gui/overlays/tooltips/chat" },
        { "predicate": { "custom_model_data": 1082 }, "model": "gielinor:gui/overlays/tooltips/combat" },
        { "predicate": { "custom_model_data": 1083 }, "model": "gielinor:gui/overlays/tooltips/equipment" },
        { "predicate": { "custom_model_data": 1084 }, "model": "gielinor:gui/overlays/tooltips/minigame" },
        { "predicate": { "custom_model_data": 1085 }, "model": "gielinor:gui/overlays/tooltips/prayer" },
        { "predicate": { "custom_model_data": 1086 }, "model": "gielinor:gui/overlays/tooltips/quest" },
        { "predicate": { "custom_model_data": 1087 }, "model": "gielinor:gui/overlays/tooltips/spell" },
        { "predicate": { "custom_model_data": 1088 }, "model": "gielinor:gui/overlays/tooltips/stats" },

        { "predicate": { "custom_model_data": 1101 }, "model": "gielinor:gui/overlays/skills/agility" },
        { "predicate": { "custom_model_data": 1102 }, "model": "gielinor:gui/overlays/skills/attack" },
        { "predicate": { "custom_model_data": 1103 }, "model": "gielinor:gui/overlays/skills/construction" },
        { "predicate": { "custom_model_data": 1104 }, "model": "gielinor:gui/overlays/skills/cooking" },
        { "predicate": { "custom_model_data": 1105 }, "model": "gielinor:gui/overlays/skills/crafting" },
        { "predicate": { "custom_model_data": 1106 }, "model": "gielinor:gui/overlays/skills/defence" },
        { "predicate": { "custom_model_data": 1107 }, "model": "gielinor:gui/overlays/skills/dungeoneering" },
        { "predicate": { "custom_model_data": 1108 }, "model": "gielinor:gui/overlays/skills/farming" },
        { "predicate": { "custom_model_data": 1109 }, "model": "gielinor:gui/overlays/skills/firemaking" },
        { "predicate": { "custom_model_data": 1110 }, "model": "gielinor:gui/overlays/skills/fishing" },
        { "predicate": { "custom_model_data": 1111 }, "model": "gielinor:gui/overlays/skills/fletching" },
        { "predicate": { "custom_model_data": 1112 }, "model": "gielinor:gui/overlays/skills/herblore" },
        { "predicate": { "custom_model_data": 1113 }, "model": "gielinor:gui/overlays/skills/hitpoints" },
        { "predicate": { "custom_model_data": 1114 }, "model": "gielinor:gui/overlays/skills/hunter" },
        { "predicate": { "custom_model_data": 1115 }, "model": "gielinor:gui/overlays/skills/magic" },
        { "predicate": { "custom_model_data": 1116 }, "model": "gielinor:gui/overlays/skills/mining" },
        { "predicate": { "custom_model_data": 1117 }, "model": "gielinor:gui/overlays/skills/prayer" },
        { "predicate": { "custom_model_data": 1118 }, "model": "gielinor:gui/overlays/skills/ranged" },
        { "predicate": { "custom_model_data": 1119 }, "model": "gielinor:gui/overlays/skills/runecrafting" },
        { "predicate": { "custom_model_data": 1120 }, "model": "gielinor:gui/overlays/skills/slayer" },
        { "predicate": { "custom_model_data": 1121 }, "model": "gielinor:gui/overlays/skills/smithing" },
        { "predicate": { "custom_model_data": 1122 }, "model": "gielinor:gui/overlays/skills/strength" },
        { "predicate": { "custom_model_data": 1123 }, "model": "gielinor:gui/overlays/skills/summoning" },
        { "predicate": { "custom_model_data": 1124 }, "model": "gielinor:gui/overlays/skills/theiving" },
        { "predicate": { "custom_model_data": 1125 }, "model": "gielinor:gui/overlays/skills/woodcutting" },

        { "predicate": { "custom_model_data": 1131 }, "model": "gielinor:gui/overlays/skills/hd/agility" },
        { "predicate": { "custom_model_data": 1132 }, "model": "gielinor:gui/overlays/skills/hd/attack" },
        { "predicate": { "custom_model_data": 1133 }, "model": "gielinor:gui/overlays/skills/hd/construction" },
        { "predicate": { "custom_model_data": 1134 }, "model": "gielinor:gui/overlays/skills/hd/cooking" },
        { "predicate": { "custom_model_data": 1135 }, "model": "gielinor:gui/overlays/skills/hd/crafting" },
        { "predicate": { "custom_model_data": 1136 }, "model": "gielinor:gui/overlays/skills/hd/defence" },
        { "predicate": { "custom_model_data": 1137 }, "model": "gielinor:gui/overlays/skills/hd/dungeoneering" },
        { "predicate": { "custom_model_data": 1138 }, "model": "gielinor:gui/overlays/skills/hd/farming" },
        { "predicate": { "custom_model_data": 1139 }, "model": "gielinor:gui/overlays/skills/hd/firemaking" },
        { "predicate": { "custom_model_data": 1140 }, "model": "gielinor:gui/overlays/skills/hd/fishing" },
        { "predicate": { "custom_model_data": 1141 }, "model": "gielinor:gui/overlays/skills/hd/fletching" },
        { "predicate": { "custom_model_data": 1142 }, "model": "gielinor:gui/overlays/skills/hd/herblore" },
        { "predicate": { "custom_model_data": 1143 }, "model": "gielinor:gui/overlays/skills/hd/hitpoints" },
        { "predicate": { "custom_model_data": 1144 }, "model": "gielinor:gui/overlays/skills/hd/hunter" },
        { "predicate": { "custom_model_data": 1145 }, "model": "gielinor:gui/overlays/skills/hd/magic" },
        { "predicate": { "custom_model_data": 1146 }, "model": "gielinor:gui/overlays/skills/hd/mining" },
        { "predicate": { "custom_model_data": 1147 }, "model": "gielinor:gui/overlays/skills/hd/prayer" },
        { "predicate": { "custom_model_data": 1148 }, "model": "gielinor:gui/overlays/skills/hd/ranged" },
        { "predicate": { "custom_model_data": 1149 }, "model": "gielinor:gui/overlays/skills/hd/runecrafting" },
        { "predicate": { "custom_model_data": 1150 }, "model": "gielinor:gui/overlays/skills/hd/slayer" },
        { "predicate": { "custom_model_data": 1151 }, "model": "gielinor:gui/overlays/skills/hd/smithing" },
        { "predicate": { "custom_model_data": 1152 }, "model": "gielinor:gui/overlays/skills/hd/strength" },
        { "predicate": { "custom_model_data": 1153 }, "model": "gielinor:gui/overlays/skills/hd/summoning" },
        { "predicate": { "custom_model_data": 1154 }, "model": "gielinor:gui/overlays/skills/hd/theiving" },
        { "predicate": { "custom_model_data": 1155 }, "model": "gielinor:gui/overlays/skills/hd/woodcutting" }
	]
}
