{
  "gui_light": "front",
  "display": {
    "firstperson_lefthand": {
        "scale": [ 0, 0, 0 ]
    },
    "firstperson_righthand": {
        "scale": [ 0, 0, 0 ]
    },
    "gui": {
      "rotation":  [ 75, 0, 0 ],
      "translation":  [ 0, -0.5, 10 ],
      "scale":  [ 0.8, 0, 0.8 ]
    }
  },
  "elements": [    
    {
      "from": [ 0, 8, 0 ],
      "to": [ 16, 9, 16 ],
      "faces": {
        "up": { "uv": [ 0, 0, 16, 16 ], "texture": "#img" }
      }
    }
  ]
}