{
  "providers": [
    {
        "type": "ttf",
        "file": "data:negative_spaces.ttf",
        "shift": [0.0, 0.0],
        "size": 10.0,
        "oversample": 1.0
    },
    {
        "type": "bitmap",
        "file": "gielinor:scene/black_25.png",
        "ascent": 128,
        "height": 256,
        "chars": [
            "\u0001"
        ]
    },
    {
        "type": "bitmap",
        "file": "gielinor:scene/black_50.png",
        "ascent": 128,
        "height": 256,
        "chars": [
            "\u0002"
        ]
    },
    {
        "type": "bitmap",
        "file": "gielinor:scene/black_75.png",
        "ascent": 128,
        "height": 256,
        "chars": [
            "\u0003"
        ]
    },
    {
        "type": "bitmap",
        "file": "gielinor:scene/black_100.png",
        "ascent": 128,
        "height": 256,
        "chars": [
            "\u0004"
        ]
    }
  ]
}
