{
	"textures": {
		"barricade": "item/minigames/castle_wars/barricade"
	},
	"elements": [ 	 
		{
			"__comment": "Box1",
			"from": [ 2.5806, 8, 11.871 ],
			"to": [ 5.677374, 9, 12.38713 ],
			"faces": {
				"down": { "uv": [ 2.580645, 12.3871, 5.677419, 11.87097 ], "texture": "#barricade" },
				"up": { "uv": [ 2.580645, 11.87097, 5.677419, 12.3871 ], "texture": "#barricade" },
				"north": { "uv": [ 5.677419, 11.87097, 2.580645, 12.3871 ], "texture": "#barricade" },
				"south": { "uv": [ 2.580645, 11.87097, 5.677419, 12.3871 ], "texture": "#barricade" },
				"west": { "uv": [ 2.580645, 11.87097, 3.096774, 12.3871 ], "texture": "#barricade", "rotation": 270 },
				"east": { "uv": [ 5.677419, 12.3871, 5.16129, 11.87097 ], "texture": "#barricade", "rotation": 270 }
			}
		},
		{
			"__comment": "Box2",
			"from": [ 2.5806, 8, 12.3871 ],
			"to": [ 5.161245, 9, 12.90323 ],
			"faces": {
				"down": { "uv": [ 2.580645, 12.90323, 5.16129, 12.3871 ], "texture": "#barricade" },
				"up": { "uv": [ 2.580645, 12.3871, 5.16129, 12.90323 ], "texture": "#barricade" },
				"north": { "uv": [ 5.16129, 12.3871, 2.580645, 12.90323 ], "texture": "#barricade" },
				"south": { "uv": [ 2.580645, 12.3871, 5.16129, 12.90323 ], "texture": "#barricade" },
				"west": { "uv": [ 2.580645, 12.3871, 3.096774, 12.90323 ], "texture": "#barricade", "rotation": 270 },
				"east": { "uv": [ 5.16129, 12.90323, 4.645161, 12.3871 ], "texture": "#barricade", "rotation": 270 }
			}
		},
		{
			"__comment": "Box3",
			"from": [ 3.0968, 8, 11.3548 ],
			"to": [ 6.193574, 9, 11.87093 ],
			"faces": {
				"down": { "uv": [ 3.096774, 11.87097, 6.193548, 11.35484 ], "texture": "#barricade" },
				"up": { "uv": [ 3.096774, 11.35484, 6.193548, 11.87097 ], "texture": "#barricade" },
				"north": { "uv": [ 6.193548, 11.35484, 3.096774, 11.87097 ], "texture": "#barricade" },
				"south": { "uv": [ 3.096774, 11.35484, 6.193548, 11.87097 ], "texture": "#barricade" },
				"west": { "uv": [ 3.096774, 11.35484, 3.612903, 11.87097 ], "texture": "#barricade", "rotation": 270 },
				"east": { "uv": [ 6.193548, 11.87097, 5.677419, 11.35484 ], "texture": "#barricade", "rotation": 270 }
			}
		},
		{
			"__comment": "Box4",
			"from": [ 3.0968, 8, 12.9032 ],
			"to": [ 4.645187, 9, 13.41933 ],
			"faces": {
				"down": { "uv": [ 3.096774, 13.41936, 4.645161, 12.90323 ], "texture": "#barricade" },
				"up": { "uv": [ 3.096774, 12.90323, 4.645161, 13.41936 ], "texture": "#barricade" },
				"north": { "uv": [ 4.645161, 12.90323, 3.096774, 13.41936 ], "texture": "#barricade" },
				"south": { "uv": [ 3.096774, 12.90323, 4.645161, 13.41936 ], "texture": "#barricade" },
				"west": { "uv": [ 3.096774, 12.90323, 3.612903, 13.41936 ], "texture": "#barricade", "rotation": 270 },
				"east": { "uv": [ 4.645161, 13.41936, 4.129032, 12.90323 ], "texture": "#barricade", "rotation": 270 }
			}
		},
		{
			"__comment": "Box5",
			"from": [ 3.6129, 8, 10.8387 ],
			"to": [ 6.709674, 9, 11.35483 ],
			"faces": {
				"down": { "uv": [ 3.612903, 11.35484, 6.709677, 10.83871 ], "texture": "#barricade" },
				"up": { "uv": [ 3.612903, 10.83871, 6.709677, 11.35484 ], "texture": "#barricade" },
				"north": { "uv": [ 6.709677, 10.83871, 3.612903, 11.35484 ], "texture": "#barricade" },
				"south": { "uv": [ 3.612903, 10.83871, 6.709677, 11.35484 ], "texture": "#barricade" },
				"west": { "uv": [ 3.612903, 10.83871, 4.129032, 11.35484 ], "texture": "#barricade", "rotation": 270 },
				"east": { "uv": [ 6.709677, 11.35484, 6.193548, 10.83871 ], "texture": "#barricade", "rotation": 270 }
			}
		},
		{
			"__comment": "Box6",
			"from": [ 4.129, 8, 10.3226 ],
			"to": [ 9.806419, 9, 10.83873 ],
			"faces": {
				"down": { "uv": [ 4.129032, 10.83871, 9.806452, 10.32258 ], "texture": "#barricade" },
				"up": { "uv": [ 4.129032, 10.32258, 9.806452, 10.83871 ], "texture": "#barricade" },
				"north": { "uv": [ 9.806452, 10.32258, 4.129032, 10.83871 ], "texture": "#barricade" },
				"south": { "uv": [ 4.129032, 10.32258, 9.806452, 10.83871 ], "texture": "#barricade" },
				"west": { "uv": [ 4.129032, 10.32258, 4.645161, 10.83871 ], "texture": "#barricade", "rotation": 270 },
				"east": { "uv": [ 9.806452, 10.83871, 9.290323, 10.32258 ], "texture": "#barricade", "rotation": 270 }
			}
		},
		{
			"__comment": "Box7",
			"from": [ 4.6452, 8, 9.806499 ],
			"to": [ 9.80649, 9, 10.32263 ],
			"faces": {
				"down": { "uv": [ 4.645161, 10.32258, 9.806452, 9.806452 ], "texture": "#barricade" },
				"up": { "uv": [ 4.645161, 9.806452, 9.806452, 10.32258 ], "texture": "#barricade" },
				"north": { "uv": [ 9.806452, 9.806452, 4.645161, 10.32258 ], "texture": "#barricade" },
				"south": { "uv": [ 4.645161, 9.806452, 9.806452, 10.32258 ], "texture": "#barricade" },
				"west": { "uv": [ 4.645161, 9.806452, 5.16129, 10.32258 ], "texture": "#barricade", "rotation": 270 },
				"east": { "uv": [ 9.806452, 10.32258, 9.290323, 9.806452 ], "texture": "#barricade", "rotation": 270 }
			}
		},
		{
			"__comment": "Box8",
			"from": [ 5.1613, 8, 8.774199 ],
			"to": [ 12.38711, 9, 9.290329 ],
			"faces": {
				"down": { "uv": [ 5.16129, 9.290323, 12.3871, 8.774194 ], "texture": "#barricade" },
				"up": { "uv": [ 5.16129, 8.774194, 12.3871, 9.290323 ], "texture": "#barricade" },
				"north": { "uv": [ 12.3871, 8.774194, 5.16129, 9.290323 ], "texture": "#barricade" },
				"south": { "uv": [ 5.16129, 8.774194, 12.3871, 9.290323 ], "texture": "#barricade" },
				"west": { "uv": [ 5.16129, 8.774194, 5.677419, 9.290323 ], "texture": "#barricade", "rotation": 270 },
				"east": { "uv": [ 12.3871, 9.290323, 11.87097, 8.774194 ], "texture": "#barricade", "rotation": 270 }
			}
		},
		{
			"__comment": "Box9",
			"from": [ 5.1613, 8, 9.290299 ],
			"to": [ 9.806461, 9, 9.806429 ],
			"faces": {
				"down": { "uv": [ 5.16129, 9.806452, 9.806452, 9.290323 ], "texture": "#barricade" },
				"up": { "uv": [ 5.16129, 9.290323, 9.806452, 9.806452 ], "texture": "#barricade" },
				"north": { "uv": [ 9.806452, 9.290323, 5.16129, 9.806452 ], "texture": "#barricade" },
				"south": { "uv": [ 5.16129, 9.290323, 9.806452, 9.806452 ], "texture": "#barricade" },
				"west": { "uv": [ 5.16129, 9.290323, 5.677419, 9.806452 ], "texture": "#barricade", "rotation": 270 },
				"east": { "uv": [ 9.806452, 9.806452, 9.290323, 9.290323 ], "texture": "#barricade", "rotation": 270 }
			}
		},
		{
			"__comment": "Box10",
			"from": [ 5.6774, 8, 8.2581 ],
			"to": [ 12.38708, 9, 8.774229 ],
			"faces": {
				"down": { "uv": [ 5.677419, 8.774194, 12.3871, 8.258064 ], "texture": "#barricade" },
				"up": { "uv": [ 5.677419, 8.258064, 12.3871, 8.774194 ], "texture": "#barricade" },
				"north": { "uv": [ 12.3871, 8.258064, 5.677419, 8.774194 ], "texture": "#barricade" },
				"south": { "uv": [ 5.677419, 8.258064, 12.3871, 8.774194 ], "texture": "#barricade" },
				"west": { "uv": [ 5.677419, 8.258064, 6.193548, 8.774194 ], "texture": "#barricade", "rotation": 270 },
				"east": { "uv": [ 12.3871, 8.774194, 11.87097, 8.258064 ], "texture": "#barricade", "rotation": 270 }
			}
		},
		{
			"__comment": "Box11",
			"from": [ 6.1935, 8, 7.7419 ],
			"to": [ 11.87092, 9, 8.258029 ],
			"faces": {
				"down": { "uv": [ 6.193548, 8.258064, 11.87097, 7.741936 ], "texture": "#barricade" },
				"up": { "uv": [ 6.193548, 7.741936, 11.87097, 8.258064 ], "texture": "#barricade" },
				"north": { "uv": [ 11.87097, 7.741936, 6.193548, 8.258064 ], "texture": "#barricade" },
				"south": { "uv": [ 6.193548, 7.741936, 11.87097, 8.258064 ], "texture": "#barricade" },
				"west": { "uv": [ 6.193548, 7.741936, 6.709677, 8.258064 ], "texture": "#barricade", "rotation": 270 },
				"east": { "uv": [ 11.87097, 8.258064, 11.35484, 7.741936 ], "texture": "#barricade", "rotation": 270 }
			}
		},
		{
			"__comment": "Box12",
			"from": [ 6.7097, 8, 4.6452 ],
			"to": [ 12.38712, 9, 5.161329 ],
			"faces": {
				"down": { "uv": [ 6.709677, 5.16129, 12.3871, 4.645162 ], "texture": "#barricade" },
				"up": { "uv": [ 6.709677, 4.645162, 12.3871, 5.16129 ], "texture": "#barricade" },
				"north": { "uv": [ 12.3871, 4.645162, 6.709677, 5.161291 ], "texture": "#barricade" },
				"south": { "uv": [ 6.709677, 4.645161, 12.3871, 5.16129 ], "texture": "#barricade" },
				"west": { "uv": [ 6.709677, 4.645162, 7.225806, 5.16129 ], "texture": "#barricade", "rotation": 270 },
				"east": { "uv": [ 12.3871, 5.16129, 11.87097, 4.645162 ], "texture": "#barricade", "rotation": 270 }
			}
		},
		{
			"__comment": "Box13",
			"from": [ 6.7097, 8, 6.1935 ],
			"to": [ 11.35486, 9, 7.741887 ],
			"faces": {
				"down": { "uv": [ 6.709677, 7.741936, 11.35484, 6.193548 ], "texture": "#barricade" },
				"up": { "uv": [ 6.709677, 6.193548, 11.35484, 7.741936 ], "texture": "#barricade" },
				"north": { "uv": [ 11.35484, 6.193548, 6.709677, 6.709677 ], "texture": "#barricade" },
				"south": { "uv": [ 6.709677, 7.225807, 11.35484, 7.741936 ], "texture": "#barricade" },
				"west": { "uv": [ 6.709677, 6.193548, 7.225806, 7.741936 ], "texture": "#barricade", "rotation": 270 },
				"east": { "uv": [ 11.35484, 7.741936, 10.83871, 6.193548 ], "texture": "#barricade", "rotation": 270 }
			}
		},
		{
			"__comment": "Box14",
			"from": [ 7.2258, 8, 2.0645 ],
			"to": [ 12.38709, 9, 4.129016 ],
			"faces": {
				"down": { "uv": [ 7.225806, 4.129032, 12.3871, 2.064516 ], "texture": "#barricade" },
				"up": { "uv": [ 7.225806, 2.064516, 12.3871, 4.129032 ], "texture": "#barricade" },
				"north": { "uv": [ 12.3871, 2.064516, 7.225806, 2.580645 ], "texture": "#barricade" },
				"south": { "uv": [ 7.225806, 3.612904, 12.3871, 4.129032 ], "texture": "#barricade" },
				"west": { "uv": [ 7.225806, 2.064516, 7.741935, 4.129032 ], "texture": "#barricade", "rotation": 270 },
				"east": { "uv": [ 12.3871, 4.129032, 11.87097, 2.064516 ], "texture": "#barricade", "rotation": 270 }
			}
		},
		{
			"__comment": "Box15",
			"from": [ 7.2258, 8, 4.129 ],
			"to": [ 11.87096, 9, 5.677387 ],
			"faces": {
				"down": { "uv": [ 7.225806, 5.67742, 11.87097, 4.129032 ], "texture": "#barricade" },
				"up": { "uv": [ 7.225806, 4.129032, 11.87097, 5.67742 ], "texture": "#barricade" },
				"north": { "uv": [ 11.87097, 4.129032, 7.225806, 4.645161 ], "texture": "#barricade" },
				"south": { "uv": [ 7.225806, 5.161291, 11.87097, 5.67742 ], "texture": "#barricade" },
				"west": { "uv": [ 7.225806, 4.129032, 7.741935, 5.67742 ], "texture": "#barricade", "rotation": 270 },
				"east": { "uv": [ 11.87097, 5.67742, 11.35484, 4.129032 ], "texture": "#barricade", "rotation": 270 }
			}
		},
		{
			"__comment": "Box16",
			"from": [ 7.2258, 8, 5.6774 ],
			"to": [ 11.35483, 9, 6.193529 ],
			"faces": {
				"down": { "uv": [ 7.225806, 6.193548, 11.35484, 5.67742 ], "texture": "#barricade" },
				"up": { "uv": [ 7.225806, 5.67742, 11.35484, 6.193548 ], "texture": "#barricade" },
				"north": { "uv": [ 11.35484, 5.67742, 7.225806, 6.193548 ], "texture": "#barricade" },
				"south": { "uv": [ 7.225806, 5.67742, 11.35484, 6.193548 ], "texture": "#barricade" },
				"west": { "uv": [ 7.225806, 5.67742, 7.741935, 6.193548 ], "texture": "#barricade", "rotation": 270 },
				"east": { "uv": [ 11.35484, 6.193548, 10.83871, 5.67742 ], "texture": "#barricade", "rotation": 270 }
			}
		},
		{
			"__comment": "Box17",
			"from": [ 7.2258, 8, 10.8387 ],
			"to": [ 9.806445, 9, 14.96773 ],
			"faces": {
				"down": { "uv": [ 7.225806, 14.96774, 9.806452, 10.83871 ], "texture": "#barricade" },
				"up": { "uv": [ 7.225806, 10.83871, 9.806452, 14.96774 ], "texture": "#barricade" },
				"north": { "uv": [ 9.806452, 10.83871, 7.225806, 11.35484 ], "texture": "#barricade" },
				"south": { "uv": [ 7.225806, 14.45161, 9.806452, 14.96774 ], "texture": "#barricade" },
				"west": { "uv": [ 7.225806, 10.83871, 7.741935, 14.96774 ], "texture": "#barricade", "rotation": 270 },
				"east": { "uv": [ 9.806452, 14.96774, 9.290323, 10.83871 ], "texture": "#barricade", "rotation": 270 }
			}
		},
		{
			"__comment": "Box18",
			"from": [ 7.2258, 8, 14.9677 ],
			"to": [ 9.290316, 9, 15.48383 ],
			"faces": {
				"down": { "uv": [ 7.225806, 15.48387, 9.290322, 14.96774 ], "texture": "#barricade" },
				"up": { "uv": [ 7.225806, 14.96774, 9.290322, 15.48387 ], "texture": "#barricade" },
				"north": { "uv": [ 9.290322, 14.96774, 7.225806, 15.48387 ], "texture": "#barricade" },
				"south": { "uv": [ 7.225806, 14.96774, 9.290322, 15.48387 ], "texture": "#barricade" },
				"west": { "uv": [ 7.225806, 14.96774, 7.741935, 15.48387 ], "texture": "#barricade", "rotation": 270 },
				"east": { "uv": [ 9.290322, 15.48387, 8.774193, 14.96774 ], "texture": "#barricade", "rotation": 270 }
			}
		},
		{
			"__comment": "Box19",
			"from": [ 7.7419, 8, 1.5484 ],
			"to": [ 11.87093, 9, 2.064529 ],
			"faces": {
				"down": { "uv": [ 7.741935, 2.064516, 11.87097, 1.548388 ], "texture": "#barricade" },
				"up": { "uv": [ 7.741935, 1.548388, 11.87097, 2.064516 ], "texture": "#barricade" },
				"north": { "uv": [ 11.87097, 1.548388, 7.741935, 2.064516 ], "texture": "#barricade" },
				"south": { "uv": [ 7.741935, 1.548388, 11.87097, 2.064516 ], "texture": "#barricade" },
				"west": { "uv": [ 7.741935, 1.548388, 8.258064, 2.064516 ], "texture": "#barricade", "rotation": 270 },
				"east": { "uv": [ 11.87097, 2.064516, 11.35484, 1.548388 ], "texture": "#barricade", "rotation": 270 }
			}
		},
		{
			"__comment": "Box20",
			"from": [ 7.7419, 8, 15.4839 ],
			"to": [ 8.774158, 9, 16.00003 ],
			"faces": {
				"down": { "uv": [ 7.741935, 16, 8.774194, 15.48387 ], "texture": "#barricade" },
				"up": { "uv": [ 7.741935, 15.48387, 8.774194, 16 ], "texture": "#barricade" },
				"north": { "uv": [ 8.774194, 15.48387, 7.741935, 16 ], "texture": "#barricade" },
				"south": { "uv": [ 7.741935, 15.48387, 8.774194, 16 ], "texture": "#barricade" },
				"west": { "uv": [ 7.741935, 15.48387, 8.258064, 16 ], "texture": "#barricade", "rotation": 270 },
				"east": { "uv": [ 8.774194, 16, 8.258064, 15.48387 ], "texture": "#barricade", "rotation": 270 }
			}
		},
		{
			"__comment": "Box21",
			"from": [ 8.2581, 8, 0.5161 ],
			"to": [ 9.806486, 9, 1.548358 ],
			"faces": {
				"down": { "uv": [ 8.258064, 1.548388, 9.806452, 0.5161295 ], "texture": "#barricade" },
				"up": { "uv": [ 8.258064, 0.5161295, 9.806452, 1.548388 ], "texture": "#barricade" },
				"north": { "uv": [ 9.806452, 0.5161295, 8.258064, 1.032259 ], "texture": "#barricade" },
				"south": { "uv": [ 8.258064, 1.032259, 9.806452, 1.548388 ], "texture": "#barricade" },
				"west": { "uv": [ 8.258064, 0.5161295, 8.774193, 1.548388 ], "texture": "#barricade", "rotation": 270 },
				"east": { "uv": [ 9.806452, 1.548388, 9.290323, 0.5161295 ], "texture": "#barricade", "rotation": 270 }
			}
		},
		{
			"__comment": "Box22",
			"from": [ 8.774199, 8, 0 ],
			"to": [ 9.290329, 9, 0.516129 ],
			"faces": {
				"down": { "uv": [ 8.774194, 0.5161295, 9.290322, 0 ], "texture": "#barricade" },
				"up": { "uv": [ 8.774194, 0, 9.290322, 0.5161295 ], "texture": "#barricade" },
				"north": { "uv": [ 9.290322, 0, 8.774194, 0.5161285 ], "texture": "#barricade" },
				"south": { "uv": [ 8.774194, 0, 9.290322, 0.5161295 ], "texture": "#barricade" },
				"west": { "uv": [ 8.774194, 0, 9.290323, 0.5161295 ], "texture": "#barricade", "rotation": 270 },
				"east": { "uv": [ 9.290322, 0.5161295, 8.774193, 0 ], "texture": "#barricade", "rotation": 270 }
			}
		},
		{
			"__comment": "Box23",
			"from": [ 10.3226, 8, 9.290299 ],
			"to": [ 12.38712, 9, 10.83869 ],
			"faces": {
				"down": { "uv": [ 10.32258, 10.83871, 12.3871, 9.290323 ], "texture": "#barricade" },
				"up": { "uv": [ 10.32258, 9.290323, 12.3871, 10.83871 ], "texture": "#barricade" },
				"north": { "uv": [ 12.3871, 9.290323, 10.32258, 9.806452 ], "texture": "#barricade" },
				"south": { "uv": [ 10.32258, 10.32258, 12.3871, 10.83871 ], "texture": "#barricade" },
				"west": { "uv": [ 10.32258, 9.290323, 10.83871, 10.83871 ], "texture": "#barricade", "rotation": 270 },
				"east": { "uv": [ 12.3871, 10.83871, 11.87097, 9.290323 ], "texture": "#barricade", "rotation": 270 }
			}
		},
		{
			"__comment": "Box24",
			"from": [ 10.8387, 8, 10.8387 ],
			"to": [ 12.90322, 9, 12.38709 ],
			"faces": {
				"down": { "uv": [ 10.83871, 12.3871, 12.90323, 10.83871 ], "texture": "#barricade" },
				"up": { "uv": [ 10.83871, 10.83871, 12.90323, 12.3871 ], "texture": "#barricade" },
				"north": { "uv": [ 12.90323, 10.83871, 10.83871, 11.35484 ], "texture": "#barricade" },
				"south": { "uv": [ 10.83871, 11.87097, 12.90323, 12.3871 ], "texture": "#barricade" },
				"west": { "uv": [ 10.83871, 10.83871, 11.35484, 12.3871 ], "texture": "#barricade", "rotation": 270 },
				"east": { "uv": [ 12.90323, 12.3871, 12.3871, 10.83871 ], "texture": "#barricade", "rotation": 270 }
			}
		},
		{
			"__comment": "Box25",
			"from": [ 11.3548, 8, 6.7097 ],
			"to": [ 11.87093, 9, 12.90325 ],
			"faces": {
				"down": { "uv": [ 11.35484, 12.90323, 11.87097, 6.709678 ], "texture": "#barricade" },
				"up": { "uv": [ 11.35484, 6.709678, 11.87097, 12.90323 ], "texture": "#barricade" },
				"north": { "uv": [ 11.87097, 6.709678, 11.35484, 7.225807 ], "texture": "#barricade" },
				"south": { "uv": [ 11.35484, 12.3871, 11.87097, 12.90323 ], "texture": "#barricade" },
				"west": { "uv": [ 11.35484, 6.709678, 11.87097, 12.90323 ], "texture": "#barricade", "rotation": 270 },
				"east": { "uv": [ 11.87097, 12.90323, 11.35484, 6.709678 ], "texture": "#barricade", "rotation": 270 }
			}
		},
		{
			"__comment": "Box26",
			"from": [ 11.871, 8, 12.3871 ],
			"to": [ 12.90326, 9, 12.90323 ],
			"faces": {
				"down": { "uv": [ 11.87097, 12.90323, 12.90323, 12.3871 ], "texture": "#barricade" },
				"up": { "uv": [ 11.87097, 12.3871, 12.90323, 12.90323 ], "texture": "#barricade" },
				"north": { "uv": [ 12.90323, 12.3871, 11.87097, 12.90323 ], "texture": "#barricade" },
				"south": { "uv": [ 11.87097, 12.3871, 12.90323, 12.90323 ], "texture": "#barricade" },
				"west": { "uv": [ 11.87097, 12.3871, 12.3871, 12.90323 ], "texture": "#barricade", "rotation": 270 },
				"east": { "uv": [ 12.90323, 12.90323, 12.3871, 12.3871 ], "texture": "#barricade", "rotation": 270 }
			}
		},
		{
			"__comment": "Box27",
			"from": [ 12.3871, 8, 9.806499 ],
			"to": [ 12.90323, 9, 10.83876 ],
			"faces": {
				"down": { "uv": [ 12.3871, 10.83871, 12.90323, 9.806452 ], "texture": "#barricade" },
				"up": { "uv": [ 12.3871, 9.806452, 12.90323, 10.83871 ], "texture": "#barricade" },
				"north": { "uv": [ 12.90323, 9.806452, 12.3871, 10.32258 ], "texture": "#barricade" },
				"south": { "uv": [ 12.3871, 10.32258, 12.90323, 10.83871 ], "texture": "#barricade" },
				"west": { "uv": [ 12.3871, 9.806452, 12.90322, 10.83871 ], "texture": "#barricade", "rotation": 270 },
				"east": { "uv": [ 12.90323, 10.83871, 12.3871, 9.806452 ], "texture": "#barricade", "rotation": 270 }
			}
		},
		{
			"__comment": "Box28",
			"from": [ 12.9032, 8, 11.3548 ],
			"to": [ 13.41933, 9, 12.38706 ],
			"faces": {
				"down": { "uv": [ 12.90323, 12.3871, 13.41935, 11.35484 ], "texture": "#barricade" },
				"up": { "uv": [ 12.90323, 11.35484, 13.41935, 12.3871 ], "texture": "#barricade" },
				"north": { "uv": [ 13.41935, 11.35484, 12.90323, 11.87097 ], "texture": "#barricade" },
				"south": { "uv": [ 12.90323, 11.87097, 13.41935, 12.3871 ], "texture": "#barricade" },
				"west": { "uv": [ 12.90323, 11.35484, 13.41936, 12.3871 ], "texture": "#barricade", "rotation": 270 },
				"east": { "uv": [ 13.41935, 12.3871, 12.90322, 11.35484 ], "texture": "#barricade", "rotation": 270 }
			}
		}
	],
	"display": {
		"firstperson_righthand": {
			"rotation":  [ 90, 0, 0 ],
			"translation":  [ 0, 1.8, 0 ],
			"scale":  [ 0.25, 0.25, 0.25 ]
		},
		"firstperson_lefthand": {
			"rotation":  [ 90, 0, 0 ],
			"translation":  [ 0, 1.8, 0 ],
			"scale":  [ 0.25, 0.25, 0.25 ]
		},
		"gui": {
			"rotation":  [ 90, 0, 0 ]
		},
		"fixed": {
			"rotation":  [ 90, 0, 180 ],
			"scale":  [ 1.1, 1.1, 1.1 ]
		}
	}
}