{
  "gui_light": "front",
	"display": {
		"thirdperson_righthand": {
			"scale":  [ 0.3, 0.3, 0.3 ]
		},
		"thirdperson_lefthand": {
			"scale":  [ 0.5, 0.5, 0.5 ]
		},
		"firstperson_righthand": {
      "scale": [0, 0, 0]
		},
		"firstperson_lefthand": {
      "scale": [0, 0, 0]
		},
		"gui": {
			"rotation":  [ 75, 0, 0 ]
		},
		"head": {
			"rotation":  [ 90, 0, 0 ],
			"translation":  [ 0, 20, 0 ],
			"scale":  [ 0.45, 0.3, 0.45 ]
		},
		"ground": {
			"rotation":  [ -45, 0, 0 ],
			"translation":  [ 0, 1, 0 ],
			"scale":  [ 0.3, 0.3, 0.3 ]
		},
		"fixed": {
			"rotation":  [ -90, 0, 0 ],
			"translation":  [ 0, 0, -0.6 ]
		}
	}
}